fips,DEMOCRAT,REPUBLICAN
1001,6093,17403
1003,19386,61271
1005,5697,5866
1007,2299,6262
1009,3522,20389
1011,4011,1391
1013,4188,5485
1015,16334,32348
1017,6799,8067
1019,2306,7298
1021,3674,13960
1023,3636,4223
1025,5914,7466
1027,1760,4984
1029,1168,5216
1031,5079,14919
1033,9703,14739
1035,3429,3470
1037,2273,3248
1039,3240,12444
1041,1938,4319
1043,5864,28896
1045,5270,13886
1047,13986,6798
1049,5658,17957
1051,8301,25777
1053,5188,9375
1055,13497,30595
1057,1994,5883
1059,3469,8048
1061,2134,9417
1063,4408,876
1065,4982,3200
1067,3018,5585
1069,12225,29254
1071,6374,14083
1073,166121,149921
1075,1614,5419
1077,13329,24068
1079,5164,9277
1081,21498,32230
1083,9536,23598
1085,5449,1809
1087,9450,1396
1089,64117,86965
1091,5926,5516
1093,2600,9536
1095,7038,25727
1097,82181,98049
1099,5025,6175
1101,62166,42031
1103,13895,36014
1105,4457,1679
1107,4594,5434
1109,5879,8004
1111,3064,7175
1113,10085,8705
1115,6091,27649
1117,20625,69060
1119,5264,1731
1121,13779,20112
1123,6063,13116
1125,32796,45405
1127,7420,20722
1129,3067,5654
1131,4612,1868
1133,1757,8103
4001,15390,8551
4003,18943,29026
4005,31433,22186
4007,7884,14095
4009,3487,8376
4011,1165,1712
4012,1929,3509
4013,602166,746448
4015,22092,44333
4017,15579,19761
4019,206254,182406
4021,44254,59421
4023,8683,4518
4025,36889,61192
4027,18559,24577
5001,2619,4185
5003,2976,5406
5005,6539,12852
5007,23331,51124
5009,4435,10575
5011,1680,2262
5013,691,1462
5015,4172,6083
5017,3043,2119
5019,4267,4608
5021,2244,3032
5023,2951,7962
5025,911,2451
5027,3554,5861
5029,3149,4691
5031,11294,18881
5033,5238,14688
5035,10330,7650
5037,2580,4393
5039,1471,1757
5041,2569,1999
5043,2598,3860
5045,14955,25362
5047,1869,4411
5049,1819,2702
5051,15899,26825
5053,1562,5023
5055,4541,8578
5057,2869,4273
5059,4288,7209
5061,1746,2957
5063,3688,8255
5065,1792,3193
5067,2207,3118
5069,18465,10655
5071,3034,4922
5073,1133,1685
5075,2138,3357
5077,2263,1454
5079,1710,2513
5081,1753,3247
5083,2286,5350
5085,5968,17242
5087,2144,3972
5089,2384,4524
5091,4869,9913
5093,6667,6976
5095,1615,1754
5097,1092,2365
5099,1474,2062
5101,1182,2588
5103,4346,5427
5105,1352,2743
5107,5695,3097
5109,1089,2727
5111,2742,4903
5113,1957,5473
5115,6002,15568
5117,1048,2223
5119,88854,70212
5121,2469,3615
5123,5486,3917
5125,12695,30981
5127,1053,2791
5129,961,2726
5131,13673,28637
5133,1291,3125
5135,2436,4535
5137,1598,3534
5139,6190,10677
5141,2151,4276
5143,29021,37963
5145,6732,19467
5147,1412,1206
5149,2003,3808
6001,489106,119555
6003,422,252
6005,7813,10561
6007,49013,46706
6009,9813,12835
6011,2569,3733
6013,306983,136436
6015,4323,4967
6017,40529,50314
6019,136706,131015
6021,3734,5910
6023,39692,21713
6025,24162,14008
6027,3743,4523
6029,93457,134793
6031,14747,19710
6033,14854,9935
6035,3586,7483
6037,2295853,956425
6039,17952,23583
6041,109320,28384
6043,4100,5298
6045,27843,10721
6047,34031,28704
6049,1313,2981
6051,3093,2354
6053,88453,38797
6055,38849,19484
6057,28617,25663
6059,549558,579064
6061,75112,94647
6063,4715,6035
6065,325017,310041
6067,316506,213583
6069,11917,7425
6071,315720,277408
6073,666581,541032
6075,322220,52292
6077,113974,91607
6079,68176,61055
6081,222826,75057
6083,105614,65585
6085,462241,190039
6087,98745,25244
6089,28867,49588
6091,743,1158
6093,9292,11520
6095,102095,56035
6097,168888,55127
6099,80279,77497
6101,13412,18911
6103,8945,14843
6105,3233,2940
6107,43634,59765
6109,11532,14988
6111,187601,145853
6113,53488,24592
6115,8866,12007
8001,93443,63976
8003,3521,2635
8005,148218,113866
8007,2836,3638
8009,536,1572
8011,799,1077
8013,124159,44904
8014,16168,12757
8015,4861,4873
8017,198,890
8019,3332,2300
8021,2154,1653
8023,1245,415
8025,552,976
8027,912,1672
8029,5084,10067
8031,204882,62567
8033,369,818
8035,61960,88108
8037,13187,8179
8039,3819,9108
8041,108899,160318
8043,6844,12668
8045,11357,11359
8047,1954,1253
8049,4037,4128
8051,5556,3131
8053,240,344
8055,1989,1580
8057,277,624
8059,158153,131627
8061,178,650
8063,912,2455
8065,1859,1078
8067,16057,11503
8069,89822,73641
8071,3562,3086
8073,546,1717
8075,2846,6002
8077,24008,44578
8079,270,334
8081,1582,4135
8083,4661,6961
8085,6495,12199
8087,3813,6272
8089,3546,4393
8091,1636,1367
8093,4250,4896
8095,622,1612
8097,7349,2484
8099,1487,3043
8101,41097,30257
8103,655,2437
8105,2448,2930
8107,8270,4725
8109,1730,953
8111,264,218
8113,3349,933
8115,468,857
8117,9802,4883
8119,4513,8146
8121,529,1949
8123,47292,56526
8125,1117,3286
9001,241320,166845
9003,268301,138716
9005,51037,46176
9007,52966,32907
9009,232820,144465
9011,74745,48460
9013,44969,29262
9015,34133,21210
10001,36392,29827
10003,178768,74608
10005,40299,47939
11001,245800,17367
12001,75565,48513
12003,2327,8672
12005,23653,56683
12007,3430,8136
12009,127620,157589
12011,492640,237729
12013,1821,4345
12015,39031,45205
12017,31460,43706
12019,26697,67203
12021,54450,86379
12023,9171,18670
12027,4383,5632
12029,1925,5194
12031,202618,210537
12033,61572,91411
12035,24726,23951
12037,2134,3818
12039,15582,6811
12041,1996,5656
12043,1674,2533
12045,2149,4980
12047,2364,3179
12049,2568,4763
12051,4998,5780
12053,41886,45021
12055,18135,26221
12057,272963,236355
12059,1446,7033
12061,29710,40176
12063,7671,13717
12065,4088,3797
12067,642,2679
12069,62948,82802
12071,119701,147608
12073,91747,55705
12075,6711,11754
12077,895,2339
12079,4270,4544
12081,70034,80721
12083,70839,89628
12085,33508,44143
12086,499831,360551
12087,20907,18933
12089,10618,27403
12091,25872,68789
12093,5108,7561
12095,273009,186832
12097,59962,40086
12099,361271,226037
12101,102417,110104
12103,248299,210066
12105,113865,128878
12107,13236,19637
12109,35791,69222
12111,67125,52512
12113,19470,55972
12115,102686,102897
12117,99335,105070
12119,17655,30866
12121,4916,12534
12123,2803,6457
12125,1299,3933
12127,127795,113938
12129,5311,8877
12131,7174,19561
12133,2863,8178
13001,1846,5085
13003,938,1941
13005,817,3089
13007,846,828
13009,8587,7823
13011,1027,5120
13013,6657,17625
13015,9662,25976
13017,2590,3417
13019,1471,4901
13021,38987,27037
13023,1380,3657
13025,1119,5080
13027,2669,3507
13029,3636,9112
13031,9586,14174
13033,5233,4344
13035,3065,5947
13037,1342,862
13039,6482,10502
13043,1209,2286
13045,14334,28661
13047,6025,18218
13049,1197,2466
13051,62755,46829
13053,830,811
13055,2596,5572
13057,22350,70279
13059,29591,15333
13061,879,558
13063,82527,16506
13065,989,1678
13067,141216,170957
13069,4811,8872
13071,4139,9185
13073,15703,39322
13075,2075,3782
13077,15521,37571
13079,1832,3358
13081,3085,4424
13083,1612,4703
13085,1632,8242
13087,4424,5890
13089,254594,65581
13091,2595,5543
13093,2138,1991
13095,26135,12547
13097,27825,26812
13099,2603,2711
13101,201,981
13103,4936,15230
13105,3366,4868
13107,3068,5110
13109,1374,2462
13111,2611,7807
13113,20313,38501
13115,10691,23132
13117,15406,59166
13119,1914,6069
13121,272000,130136
13123,2614,8408
13125,210,1202
13127,12676,20479
13129,4268,13113
13131,3539,5775
13133,3339,4532
13135,129025,158746
13137,2900,11766
13139,14457,44962
13141,3535,795
13143,2248,8658
13145,4184,10648
13147,3365,6537
13149,1042,3133
13151,40527,47115
13153,22094,33392
13155,1197,2605
13157,4950,17776
13159,1935,3916
13161,1356,3867
13163,4149,3061
13165,1482,1936
13167,1198,2426
13169,4572,7782
13171,2752,4873
13173,1062,1787
13175,7769,12052
13177,3100,9925
13179,10474,5828
13181,1650,2731
13183,1288,2119
13185,17651,21296
13187,2586,8326
13189,3989,5400
13191,2905,3282
13193,3251,1712
13195,2965,8226
13197,1381,1772
13199,4465,4982
13201,818,1899
13205,3872,4201
13207,4106,7933
13209,1045,2521
13211,3091,5987
13213,3026,8180
13215,44158,29568
13217,20827,20337
13219,4825,12120
13221,2232,4144
13223,17229,39192
13225,5927,5173
13227,2595,10004
13229,1253,5500
13231,1575,6547
13233,4052,9850
13235,1377,2553
13237,3102,5966
13239,597,509
13241,2001,5487
13243,1833,1370
13245,52100,26842
13247,20526,16921
13249,479,1252
13251,3024,3423
13253,1660,2315
13255,10141,14885
13257,2705,7689
13259,1305,783
13261,6454,5717
13263,2369,1301
13265,643,339
13267,1932,4730
13269,1536,2021
13271,1862,2486
13273,2501,1890
13275,7720,10642
13277,4749,9431
13279,2964,6658
13281,1391,4292
13283,1112,1826
13285,10455,15391
13287,1427,2096
13289,2402,2087
13291,2486,8013
13293,4061,7291
13295,6095,17110
13297,8469,27253
13299,4034,8311
13301,1554,1087
13303,4607,4216
13305,2858,7601
13307,515,588
13309,794,1408
13311,2174,8467
13313,8167,19230
13315,978,2159
13317,2315,2705
13319,2298,2349
13321,2542,5780
15001,50819,14866
15003,214239,88164
15007,20416,6245
15009,39727,11154
16001,82236,93328
16003,728,1517
16005,14792,19356
16007,502,2377
16009,1407,2646
16011,4424,12230
16013,6947,3439
16015,1240,2433
16017,7840,11145
16019,11417,29334
16021,1484,3078
16023,318,1056
16025,187,422
16027,20147,42752
16029,553,2656
16031,1332,6309
16033,64,305
16035,1211,2569
16037,611,1694
16039,2591,5665
16041,600,4246
16043,1065,4700
16045,2166,5585
16047,1489,3765
16049,2017,5895
16051,1641,8540
16053,1794,4897
16055,22120,38387
16057,9195,7988
16059,1061,2938
16061,479,1275
16063,545,1232
16065,1627,11131
16067,1630,5087
16069,7123,10357
16071,381,1724
16073,944,3024
16075,2415,5988
16077,1027,1754
16079,2521,2953
16081,2302,2263
16083,8621,19032
16085,2405,2772
16087,1241,3168
17001,11794,18711
17003,2189,1692
17005,3843,3947
17007,11333,10403
17009,986,1544
17011,8889,7911
17013,1423,1221
17015,3965,3596
17017,2690,2617
17019,48597,33871
17021,6918,7872
17023,3742,4409
17025,2425,3926
17027,7657,9357
17029,11716,10978
17031,1629024,487736
17033,3883,5070
17035,2055,3156
17037,25784,18266
17039,3308,4348
17041,3228,5005
17043,228698,183626
17045,3743,4398
17047,1140,2137
17049,5262,11323
17051,3967,5499
17053,2227,4079
17055,8880,9404
17057,9732,6251
17059,1587,1212
17061,2619,3053
17063,11063,10687
17065,1796,2353
17067,4141,5161
17069,892,1330
17071,2215,1541
17073,13181,11263
17075,4643,8695
17077,15248,9687
17079,2063,2964
17081,7462,9302
17083,5042,5329
17085,6403,5170
17087,1871,3912
17089,106756,83963
17091,24750,22527
17093,24742,21380
17095,14191,9419
17097,177242,118545
17099,27443,21872
17101,3016,3403
17103,7765,8258
17105,6189,9191
17107,5250,7429
17109,6783,6055
17111,72288,64845
17113,37689,36767
17115,25487,24948
17117,12090,9891
17119,68979,57177
17121,8345,8691
17123,3081,3145
17125,3542,3141
17127,2693,4371
17129,2706,3672
17131,4887,3833
17133,7953,9881
17135,6491,6150
17137,7467,7591
17139,2668,3471
17141,11253,13144
17143,45906,34579
17145,4701,5086
17147,3859,4991
17149,3024,4457
17151,845,1343
17153,1638,1593
17155,1900,1378
17157,7395,7538
17159,3181,4329
17161,42210,25364
17163,76160,47958
17165,5083,6099
17167,51300,46945
17169,1900,1833
17171,1090,1455
17173,4245,6396
17175,1357,1513
17177,11349,9909
17179,29384,33247
17181,3918,5003
17183,16246,16054
17185,2462,3254
17187,4286,3637
17189,3342,4473
17191,2547,5390
17193,3315,3987
17195,15607,10883
17197,160406,122597
17199,12914,17387
17201,70034,53886
17203,6999,12191
18001,4928,8404
18003,71263,77793
18005,13567,17067
18007,1563,2183
18009,2677,2690
18011,9752,16622
18013,3854,4060
18015,3736,4858
18017,7011,8346
18019,21953,25326
18021,4954,6267
18023,5307,6919
18025,2286,2393
18027,3370,7098
18029,7123,14886
18031,3892,6449
18033,7175,9780
18035,28384,20916
18037,8748,9526
18039,31398,39396
18041,4389,4917
18043,16263,19957
18045,3094,4158
18047,3404,7018
18049,3702,5147
18051,6455,8449
18053,11293,14734
18055,5709,7691
18057,49704,78401
18059,11874,22008
18061,7288,10551
18063,24548,39728
18065,10059,10896
18067,17871,20248
18069,5843,10291
18071,7354,9726
18073,5044,7669
18075,3748,4401
18077,6255,7053
18079,5312,6261
18081,21553,36487
18083,7569,8639
18085,9236,20488
18087,3663,5702
18089,139301,67742
18091,28258,17918
18093,7208,11018
18095,30152,26403
18097,241987,134313
18099,7889,10406
18101,1706,3122
18103,5564,8312
18105,41450,21118
18107,6013,9060
18109,10330,18129
18111,2625,3301
18113,7064,9673
18115,1158,1713
18117,3390,4536
18119,3570,4415
18121,2924,3909
18123,5141,3202
18125,2700,3221
18127,39178,33857
18129,5828,6804
18131,2466,3388
18133,6334,8086
18135,4839,5788
18137,4187,7794
18139,3229,4271
18141,68710,48510
18143,4271,4445
18145,6987,10333
18147,5039,5001
18149,4778,4473
18151,6284,7674
18153,4284,4343
18155,1638,1940
18157,37781,29822
18159,3250,4452
18161,1224,2061
18163,39423,37512
18165,4003,3010
18167,25040,18121
18169,5456,8238
18171,1755,2166
18173,12329,16013
18175,4562,6519
18177,13459,14558
18179,4403,8504
18181,4839,5731
18183,5862,9124
19001,1924,2060
19003,1118,1046
19005,3971,2965
19007,2970,3086
19009,1739,1634
19011,7058,6447
19013,39184,24662
19015,7356,6293
19017,6940,5741
19019,6050,4139
19021,4075,4223
19023,3364,3700
19025,2341,2741
19027,5302,4922
19029,3211,4006
19031,5221,4289
19033,14405,9375
19035,2890,3372
19037,3923,2557
19039,2218,2118
19041,3925,4355
19043,5195,3651
19045,15018,9324
19047,3715,3345
19049,15149,16954
19051,1680,2029
19053,1986,2020
19055,4649,4113
19057,12462,7721
19059,4625,5162
19061,28611,18651
19063,2570,2373
19065,5908,4205
19067,4822,3051
19069,2575,2501
19071,1848,1989
19073,2371,2349
19075,2790,3945
19077,2625,3074
19079,4018,3913
19081,2805,3016
19083,4393,4315
19085,3555,3909
19087,4349,4822
19089,2941,1722
19091,2160,2895
19093,1454,2036
19095,4202,4188
19097,6102,3673
19099,10250,8794
19101,5070,3324
19103,51027,20732
19105,5446,4405
19107,2518,2712
19109,4625,4329
19111,9821,7062
19113,68037,43626
19115,2523,2314
19117,2029,2330
19119,1675,4471
19121,3733,4579
19123,4464,6271
19125,7421,9256
19127,10023,8278
19129,2976,4183
19131,3179,2469
19133,2295,2411
19135,1798,2000
19137,2326,2887
19139,10920,7929
19141,2338,4894
19143,1037,2027
19145,2900,4351
19147,2428,2294
19149,4629,7765
19151,1800,2138
19153,120984,89668
19155,20436,21237
19157,5519,4340
19159,1236,1401
19161,2256,2705
19163,48927,36365
19165,2863,3488
19167,3030,13490
19169,26548,18995
19171,4899,3820
19173,1347,1607
19175,3000,2781
19177,1546,1986
19179,8820,6663
19181,12299,12144
19183,5170,5247
19185,1357,1565
19187,9917,8337
19189,3254,2730
19191,6829,4273
19193,21983,22219
19195,2567,1612
19197,3102,3198
20001,2189,3552
20003,1175,2362
20005,3241,3791
20007,598,1833
20009,3027,7802
20011,2394,4240
20013,1317,2985
20015,9159,18155
20017,383,976
20019,401,1418
20021,3594,5886
20023,323,1148
20025,245,897
20027,1009,2998
20029,1233,3121
20031,1121,3054
20033,194,765
20035,5012,8492
20037,7957,7735
20039,343,1189
20041,2422,6081
20043,1115,2372
20045,34398,17929
20047,333,995
20049,363,1042
20051,4010,8207
20053,851,2021
20055,3275,6926
20057,2991,5730
20059,4433,7079
20061,3491,4492
20063,261,1136
20065,325,1060
20067,635,1995
20069,436,1643
20071,151,591
20073,622,1619
20075,233,844
20077,736,1999
20079,6318,9006
20081,278,1277
20083,211,865
20085,2308,3811
20087,3542,5220
20089,313,1231
20091,127091,152627
20093,309,1159
20095,963,2603
20097,200,912
20099,3839,5001
20101,193,814
20103,13255,16791
20105,347,1204
20107,1425,3086
20109,225,1187
20111,5924,6698
20113,4218,8937
20115,1801,4159
20117,1784,3157
20119,357,1540
20121,5742,9382
20123,701,2440
20125,4338,9309
20127,907,1875
20129,229,1153
20131,1432,3817
20133,2563,4473
20135,289,1207
20137,497,1878
20139,2534,4820
20141,403,1490
20143,704,2323
20145,882,1946
20147,525,2105
20149,2599,6929
20151,1294,2822
20153,273,1247
20155,9916,16112
20157,640,1978
20159,1163,2780
20161,10495,12111
20163,468,2068
20165,504,1225
20167,736,2509
20169,8186,14165
20171,321,1823
20173,82337,106849
20175,1493,3791
20177,41235,41476
20179,254,1108
20181,688,1959
20183,446,1719
20185,542,1495
20187,188,628
20189,283,1815
20191,3353,6737
20193,787,2837
20195,420,1225
20197,1036,2395
20199,96,690
20201,659,2248
20203,163,840
20205,1170,2850
20207,512,1055
20209,39865,16506
21001,1668,5512
21003,2024,5258
21005,3462,6885
21007,1427,2537
21009,5434,11133
21011,2210,2234
21013,2782,6681
21015,16292,33812
21017,3385,4820
21019,8886,11430
21021,4769,7701
21023,1241,2066
21025,2205,2671
21027,3110,5281
21029,10177,20102
21031,1555,3696
21033,2212,3866
21035,6165,8991
21037,15622,24046
21039,879,1699
21041,1716,2032
21043,4316,5252
21045,1219,4679
21047,8880,13699
21049,5749,9664
21051,1552,5710
21053,761,3366
21055,1254,2604
21057,697,2056
21059,19282,23692
21061,1652,3562
21063,1535,902
21065,1555,3685
21067,66042,59884
21069,2279,3432
21071,7530,7741
21073,11767,11911
21075,1238,1530
21077,1278,1840
21079,2012,5118
21081,3112,5510
21083,5843,10056
21085,3154,6605
21087,1204,3785
21089,6621,8849
21091,2135,1928
21093,15650,23896
21095,2586,7165
21097,2916,4520
21099,2290,4397
21101,10049,9523
21103,2725,4081
21105,812,1406
21107,7104,11916
21109,743,4407
21111,196435,153957
21113,6236,13711
21115,2407,5948
21117,26480,40714
21119,2612,3070
21121,3074,8150
21123,1913,4153
21125,4618,17660
21127,2036,3503
21129,752,1978
21131,766,3574
21133,2623,5367
21135,1510,3213
21137,2752,6273
21139,1622,2890
21141,3811,6925
21143,1577,2220
21145,11285,19043
21147,1258,4078
21149,1963,2386
21151,12392,19694
21153,2105,2434
21155,3596,3842
21157,5683,9512
21159,808,2824
21161,2891,4102
21163,4343,6691
21165,1276,1155
21167,3159,6781
21169,1350,2734
21171,1067,3537
21173,4234,5947
21175,1879,2396
21177,6221,6447
21179,7654,10139
21181,1272,1634
21183,4059,5687
21185,10000,18997
21187,1694,2969
21189,381,1279
21191,2027,3676
21193,3444,6762
21195,9525,12655
21197,2065,2837
21199,5590,19862
21201,451,533
21203,1410,4757
21205,4074,3907
21207,1569,5779
21209,7712,11782
21211,6871,11451
21213,2775,4437
21215,2519,5378
21217,3165,7568
21219,1543,3336
21221,2246,4189
21223,1484,2239
21225,2804,3120
21227,17669,25993
21229,1890,3305
21231,2201,4868
21233,2390,3037
21235,3484,10015
21237,1493,1408
21239,5027,7130
22001,7028,19228
22003,2891,6333
22005,14625,31239
22007,4756,5981
22009,6327,10236
22011,3071,10718
22013,3589,3776
22015,12701,32706
22017,55220,52105
22019,30244,50449
22021,1118,3696
22023,613,3089
22025,1659,3486
22027,3025,3750
22029,3766,5668
22031,5242,6883
22033,99652,95390
22035,2267,1254
22037,4383,5432
22039,5853,9793
22041,2959,6278
22043,1474,6906
22045,12492,20127
22047,9023,7185
22049,2456,5190
22051,65096,113191
22053,3923,9278
22055,32145,62055
22057,9662,27089
22059,860,5602
22061,8267,10676
22063,6681,43269
22065,3100,2152
22067,5792,7258
22069,7801,9054
22071,116042,28041
22073,24813,41741
22075,3380,6894
22077,5516,6702
22079,20127,36611
22081,2080,2484
22083,3311,5751
22085,2245,7226
22087,3491,9642
22089,8522,16457
22091,3567,2522
22093,6994,5432
22095,12424,8912
22097,20268,21650
22099,9419,14443
22101,9345,13183
22103,24589,83047
22105,16438,31434
22107,1646,1367
22109,11579,28208
22111,3103,7619
22113,6266,18069
22115,3534,11946
22117,6122,12215
22119,6610,11417
22121,5043,6654
22123,878,4045
22125,2414,3149
22127,2047,4632
23001,31017,22671
23003,19345,15898
23005,105218,56186
23007,10113,6627
23009,18895,12686
23011,37238,27482
23013,13728,8816
23015,11886,9287
23017,17940,12863
23019,41614,37495
23021,4430,4785
23023,12152,8721
23025,13335,11867
23027,11967,9423
23029,8246,8077
23031,64799,42389
24001,10693,18405
24003,125015,129682
24005,214151,158714
24009,20299,23095
24011,4971,8015
24013,28060,54503
24015,17665,23855
24017,43635,25732
24019,6912,8168
24021,54013,55170
24023,3736,8903
24025,48552,71751
24027,87120,55393
24029,4953,4905
24031,314444,118608
24033,332396,38833
24035,8575,15087
24037,19023,24705
24039,4779,5037
24041,9035,10995
24043,26245,34169
24045,19436,21849
24047,11374,15607
24510,214385,28681
25001,74264,55694
25003,49558,14876
25005,146861,90597
25007,7913,2442
25009,208976,137189
25011,27919,9545
25013,121454,71350
25015,56869,20618
25017,464484,245769
25019,4073,1863
25021,200675,136741
25023,131823,112901
25025,207127,57194
25027,202107,152106
26001,2896,3404
26003,2472,2188
26005,24165,30061
26007,7705,7125
26009,6079,7506
26011,4155,3807
26013,1725,1846
26015,13449,16431
26017,32589,23795
26019,5451,4687
26021,40381,36130
26023,8413,9534
26025,34561,28553
26027,12083,11114
26029,6817,7306
26031,6720,6920
26033,8184,8267
26035,7496,6793
26037,20005,19726
26039,3441,3561
26041,9974,8763
26043,5995,7049
26045,30742,25900
26047,8515,9314
26049,143927,72451
26051,6590,6391
26053,4757,3330
26055,23258,24716
26057,9105,8322
26059,8765,11221
26061,7476,8101
26063,8367,8434
26065,93994,46483
26067,12565,14156
26069,7309,6583
26071,3080,2947
26073,16679,11220
26075,37480,35692
26077,77051,51554
26079,3780,4527
26081,149909,148336
26083,610,756
26085,2919,2269
26087,21457,22831
26089,7355,6938
26091,24640,22225
26093,42349,55592
26095,1191,1490
26097,3027,3268
26099,223784,187663
26101,7235,5510
26103,19635,12906
26105,7817,7147
26107,9101,9238
26109,5981,4855
26111,20701,22263
26113,2898,4469
26115,39180,35858
26117,13208,13291
26119,2403,2841
26121,53821,29145
26123,10790,11862
26125,372566,276956
26127,6405,5860
26129,5391,5133
26131,1966,1823
26133,4855,5973
26135,1887,2320
26137,5634,6752
26139,50828,83330
26141,3722,3606
26143,7082,6727
26145,60276,42225
26147,40677,38536
26149,12322,12886
26151,9047,10679
26153,2184,2058
26155,19397,16268
26157,13503,13740
26159,18588,15534
26161,130578,53946
26163,660085,219582
26165,7379,8044
27001,4595,4589
27003,86976,91357
27005,7687,8851
27007,12019,9762
27009,8454,10338
27011,1552,1362
27013,19325,14782
27015,5809,7456
27017,11501,6549
27019,20654,28156
27021,7276,8660
27023,3280,2907
27025,12783,15789
27027,16666,11978
27029,1877,2291
27031,2019,1240
27033,2759,3157
27035,15859,18567
27037,116778,104364
27039,4463,5468
27041,9256,11241
27043,3736,4196
27045,5921,4993
27047,9915,6955
27049,12420,12775
27051,1850,1646
27053,420958,231054
27055,5906,4743
27057,4872,6558
27059,8248,11324
27061,13460,10309
27063,2618,2858
27065,3743,4479
27067,10125,11319
27069,1492,1016
27071,3649,2962
27073,2160,1912
27075,4174,2636
27077,971,1278
27079,6994,7636
27081,1517,1491
27083,6110,6315
27085,7505,10993
27087,1436,843
27089,2311,2285
27091,4413,6053
27093,5380,6737
27095,6072,7049
27097,6547,9735
27099,11605,7075
27101,2345,2320
27103,9887,7968
27105,4244,4368
27107,2129,1204
27109,38711,36202
27111,13856,18077
27113,3394,3248
27115,7084,6862
27117,2023,2652
27119,7850,7148
27121,3317,3069
27123,182974,88942
27125,1120,983
27127,3250,4308
27129,3904,3956
27131,17381,13723
27133,2079,2775
27135,3097,4438
27137,77351,38742
27139,29208,36724
27141,17957,26140
27143,2998,4492
27145,35690,41194
27147,9016,10068
27149,2781,2710
27151,2907,2184
27153,5277,6637
27155,1043,933
27157,5646,5935
27159,2882,4128
27161,4401,5211
27163,70277,64334
27165,2562,2526
27167,1550,1786
27169,16308,10975
27171,26343,37779
27173,2816,2579
28001,9021,6566
28003,4130,10805
28005,3348,4245
28007,3849,5273
28009,2227,2329
28011,10334,4891
28013,2522,4467
28015,2037,3902
28017,4588,4395
28019,1459,2624
28021,4682,748
28023,3121,5229
28025,6558,4466
28027,7597,2917
28029,7710,6701
28031,3852,5523
28033,19627,44222
28035,11622,15296
28037,1733,2909
28039,1532,7700
28041,1366,4361
28043,5029,6234
28045,3768,13020
28047,22673,38757
28049,75401,32949
28051,7765,1714
28053,3634,1462
28055,579,364
28057,2084,7663
28059,17781,35993
28061,5025,4135
28063,3883,551
28065,4454,2871
28067,8846,20157
28069,3256,1935
28071,7997,10278
28073,5159,18497
28075,13332,19582
28077,2587,4369
28079,4151,5148
28081,12021,22694
28083,8914,4105
28085,5505,10781
28087,13209,13994
28089,19831,27203
28091,4422,8513
28093,9685,6683
28095,7169,10184
28097,2609,3071
28099,3114,8209
28101,3218,6479
28103,5030,1525
28105,9326,9320
28107,8690,7620
28109,4320,17881
28111,1533,4067
28113,9276,8651
28115,2982,9727
28117,3020,7703
28119,2803,1334
28121,14372,48140
28123,5025,6584
28125,1907,873
28127,4817,7641
28129,1968,6265
28131,1996,5149
28133,7838,3245
28135,4105,2786
28137,5003,7678
28139,2623,6937
28141,1962,6249
28143,3279,1017
28145,2985,9072
28147,3456,4253
28149,10489,11152
28151,13148,6347
28153,3890,6070
28155,1349,4072
28157,3534,1560
28159,4653,5497
28161,3151,3628
28163,6116,5290
29001,5735,5891
29003,3345,5279
29005,1000,1936
29007,4434,6167
29009,4630,9758
29011,1455,4414
29013,3271,4833
29015,3629,5759
29017,1690,3972
29019,47062,36849
29021,19164,19110
29023,5316,11805
29025,1814,2654
29027,7580,11389
29029,7773,14074
29031,12208,24768
29033,1535,2955
29035,984,1840
29037,19844,29695
29039,2060,4194
29041,1799,2339
29043,11883,25382
29045,1572,1782
29047,53761,54516
29049,4545,5709
29051,13959,24385
29053,2996,4902
29055,3911,6007
29057,1184,2864
29059,2656,4895
29061,1400,2263
29063,1692,2889
29065,2056,4655
29067,2140,4405
29069,4540,7044
29071,21256,27355
29073,2899,4763
29075,1235,1964
29077,56181,77683
29079,1580,3006
29081,1287,2512
29083,4869,6095
29085,2171,2850
29087,802,1794
29089,2036,2708
29091,5736,10982
29093,2213,2090
29095,90722,92833
29097,15730,31667
29099,53467,50804
29101,9480,12183
29103,759,1212
29105,5218,10875
29107,6902,9442
29109,5097,11263
29111,1837,2594
29113,10234,12924
29115,2638,3140
29117,2435,3993
29119,2454,5499
29121,2784,4586
29123,2042,2897
29125,1599,2853
29127,4703,7705
29129,519,1169
29131,3553,7797
29133,2247,3034
29135,2084,4467
29137,1703,2533
29139,2347,3428
29141,3565,5451
29143,3370,4593
29145,7450,17637
29147,4493,5568
29149,1811,2652
29151,1907,5062
29153,1661,2918
29155,3029,3954
29157,3005,5527
29159,6932,11018
29161,7394,11706
29163,3487,4268
29165,21459,24460
29167,4553,8956
29169,5249,9552
29171,695,1591
29173,2041,2987
29175,3984,6457
29177,5241,5593
29179,1418,1782
29181,1795,3407
29183,84183,102550
29185,1886,2981
29186,4979,3732
29187,11540,12660
29189,333123,221705
29195,4712,4962
29197,775,1139
29199,793,1249
29201,6258,11563
29203,1637,2075
29205,1114,2166
29207,3899,9172
29209,5029,11147
29211,1173,1607
29213,6683,14736
29215,3410,7215
29217,3381,5334
29219,6705,8675
29221,4711,4706
29223,2243,3784
29225,5685,10431
29227,427,707
29229,2557,5784
29510,132925,24662
30001,1617,3008
30003,3516,1628
30005,1702,1139
30007,854,1853
30009,2443,3108
30011,111,573
30013,17664,16857
30015,1122,1634
30017,2267,3047
30019,343,694
30021,1593,2639
30023,3402,1502
30025,318,1064
30027,1933,4108
30029,16138,25559
30031,24205,22578
30033,110,598
30035,3423,1451
30037,124,343
30039,601,1013
30041,3596,2787
30043,2582,3538
30045,397,801
30047,6766,6498
30049,17114,14966
30051,367,594
30053,3025,5704
30055,321,726
30057,1607,2822
30059,298,624
30061,845,1053
30063,36531,20743
30065,636,1581
30067,4173,4376
30069,68,227
30071,638,1423
30073,1223,1588
30075,208,802
30077,1021,1683
30079,211,503
30081,8400,13002
30083,1203,3184
30085,2564,1473
30087,1919,1768
30089,1970,3563
30091,953,987
30093,11676,4818
30095,1512,2991
30097,541,1494
30099,1294,1874
30101,737,1317
30103,156,314
30105,1645,2121
30107,289,657
30109,146,379
30111,32038,36483
31001,4685,8252
31003,757,2383
31005,39,217
31007,62,348
31009,43,266
31011,742,2042
31013,1886,2932
31015,250,839
31017,311,1208
31019,5867,13097
31021,1413,1907
31023,1190,2557
31025,4753,7120
31027,1190,2912
31029,341,1477
31031,599,2360
31033,1173,3572
31035,780,2177
31037,1125,2018
31039,1274,2732
31041,1192,4301
31043,2994,3292
31045,1285,2376
31047,2399,5460
31049,243,732
31051,946,1785
31053,6689,8557
31055,116810,106291
31057,218,783
31059,962,1913
31061,442,1079
31063,349,1034
31065,556,1725
31067,4473,5435
31069,283,844
31071,212,800
31073,260,776
31075,41,318
31077,458,715
31079,7855,12977
31081,1332,3389
31083,402,1329
31085,85,461
31087,346,1001
31089,1089,3746
31091,75,355
31093,1083,1847
31095,1520,2103
31097,914,1142
31099,876,2224
31101,974,2942
31103,115,409
31105,439,1346
31107,1255,2728
31109,65734,59398
31111,5046,10817
31113,81,327
31115,86,302
31117,45,240
31119,4142,9655
31121,986,2375
31123,557,1725
31125,549,1116
31127,1240,2134
31129,657,1498
31131,2915,4033
31133,483,859
31135,310,1092
31137,1050,3360
31139,783,2385
31141,3796,9373
31143,668,1822
31145,1216,3735
31147,1513,2342
31149,139,640
31151,2674,2434
31153,28010,38816
31155,3767,6188
31157,4745,9708
31159,2703,4647
31161,454,1941
31163,585,950
31165,117,603
31167,664,1781
31169,860,1749
31171,51,331
31173,1120,972
31175,706,1657
31177,3711,6425
31179,1249,2503
31181,552,1233
31183,96,334
31185,1607,4848
32001,3494,6832
32003,380765,257078
32005,10672,14648
32007,4541,10969
32009,104,303
32011,144,564
32013,1909,3586
32015,577,1466
32017,518,1498
32019,8405,12154
32021,1082,1131
32023,7226,9537
32027,673,1075
32029,1102,1247
32031,99671,76880
32033,1230,2440
32510,11623,11419
33001,16796,16402
33003,15221,13387
33005,26971,15205
33007,9532,6558
33009,31446,17687
33011,104820,97178
33013,45078,34010
33015,83723,81917
33017,37990,25021
33019,13249,9169
34001,67830,49902
34003,225367,186118
34005,131219,89626
34007,159259,73819
34009,22893,27288
34011,34919,22360
34013,240306,74063
34015,77267,60315
34017,154140,55360
34019,29776,39092
34021,107926,50223
34023,193812,123695
34025,148737,160433
34027,112275,132331
34029,110189,160677
34031,113257,72552
34033,16044,14816
34035,79321,70085
34037,28840,44184
34039,141417,78768
34041,20628,27500
35001,171556,110521
35003,664,1398
35005,8197,13651
35006,5827,3131
35007,3490,2805
35009,4670,9599
35011,359,676
35013,40282,28068
35015,7351,12500
35017,8142,5406
35019,1557,620
35021,260,358
35023,993,936
35025,5108,13347
35027,3535,6001
35028,5824,5064
35029,4311,3870
35031,16572,6382
35033,2168,569
35035,8610,12806
35037,1547,2367
35039,12703,4086
35041,2303,4311
35043,32669,25193
35045,18028,27869
35047,10320,2478
35049,55567,15807
35051,2352,3017
35053,4696,3032
35055,13816,2866
35057,3087,3735
35059,492,1227
35061,15366,13136
36000,120102,31854
36001,93937,50586
36003,7016,11013
36005,338261,41683
36007,47204,40077
36009,14307,17770
36011,18128,15243
36013,29129,28579
36015,18888,19364
36017,10100,10337
36019,20216,12579
36021,17556,13337
36023,11861,9678
36025,9462,10524
36027,71060,59628
36029,256299,178815
36031,10390,7913
36033,10571,6676
36035,9695,11709
36037,10762,15705
36039,9850,12059
36041,1225,2141
36043,12094,14619
36045,18166,20219
36047,603525,151872
36049,4986,5969
36051,13655,16030
36053,14692,14434
36055,207225,144153
36057,9080,10711
36059,342067,288758
36061,572126,89906
36063,47303,46348
36065,43506,49256
36067,129317,84972
36069,25103,25171
36071,78326,72042
36073,6614,9708
36075,24777,23571
36077,13570,12026
36079,21613,25145
36081,447906,145898
36083,39753,32840
36085,79311,86062
36087,69543,61752
36089,23706,16956
36091,56645,52855
36093,38611,29758
36095,6009,8071
36097,3933,4542
36099,7422,7038
36101,17148,24203
36103,346379,306815
36105,16850,13900
36107,10172,12536
36109,29826,11927
36111,52539,32527
36113,16281,15429
36115,12741,12533
36117,18184,22239
36119,261810,147824
36121,6379,10998
36123,4890,5269
37001,28918,34859
37003,5167,11790
37005,2021,3124
37007,6456,4207
37009,4872,7916
37011,2178,5681
37013,9454,13460
37015,6365,3376
37017,7853,7532
37019,21331,30753
37021,69716,52494
37023,14901,22102
37025,31546,45924
37027,12081,22526
37029,1597,3140
37031,11130,23131
37033,5545,5208
37035,25656,42993
37037,17862,14668
37039,3785,8643
37041,3688,3773
37043,1734,3707
37045,17363,26078
37047,11076,12994
37049,19352,24901
37051,74693,52151
37053,3737,7234
37055,8074,9745
37057,22433,45419
37059,6178,13981
37061,8958,10834
37063,103456,32353
37065,17403,8445
37067,91085,73674
37069,13085,13273
37071,31384,52507
37073,2830,2547
37075,1265,2824
37077,13074,11447
37079,3796,4272
37081,142101,97718
37083,16047,8961
37085,16785,23579
37087,12730,14910
37089,20082,30930
37091,7513,3089
37093,9227,6293
37095,1241,1212
37097,27318,45148
37099,8766,7854
37101,26795,43622
37103,2378,2817
37105,10784,12775
37107,13378,13401
37109,11713,23631
37111,6571,11534
37113,6620,10317
37115,5026,5192
37117,6539,5957
37119,253958,153848
37121,2238,5499
37123,4926,6155
37125,17624,27314
37127,23099,23728
37129,49145,50544
37131,6903,3671
37133,19499,30278
37135,53806,20266
37137,2838,3823
37139,10272,7778
37141,9907,13618
37143,2772,3678
37145,8446,10030
37147,40501,33927
37149,4396,5990
37151,16414,40998
37153,9713,9424
37155,23058,17433
37157,17255,23899
37159,23391,37451
37161,9641,18769
37163,11836,14038
37165,8151,6005
37167,8878,19329
37169,6875,14488
37171,10475,18730
37173,2806,2900
37175,7275,9401
37177,933,960
37179,31189,54123
37181,13166,7606
37183,250891,187001
37185,7086,3063
37187,3748,2670
37189,14558,13344
37191,22671,26952
37193,8934,20288
37195,19652,17375
37197,4527,12409
37199,4486,5045
38001,435,788
38003,2741,2826
38005,1569,773
38007,114,375
38009,1387,2059
38011,478,1107
38013,286,640
38015,15600,25443
38017,37622,32566
38019,930,1128
38021,1044,1525
38023,464,630
38025,527,1080
38027,583,548
38029,546,1230
38031,687,914
38033,210,642
38035,16104,14520
38037,280,587
38039,598,682
38041,406,893
38043,422,752
38045,868,1310
38047,299,726
38049,981,1374
38051,579,916
38053,933,1740
38055,1867,2767
38057,1476,2789
38059,5079,7869
38061,1477,1406
38063,907,800
38065,332,682
38067,1494,1722
38069,792,1301
38071,2314,2361
38073,1371,998
38075,505,799
38077,3513,3900
38079,3403,1045
38081,1115,778
38083,229,555
38085,1145,215
38087,106,297
38089,3802,7024
38091,614,404
38093,4056,5499
38095,621,536
38097,2136,1845
38099,2325,2415
38101,10144,15061
38103,841,1468
38105,2921,6291
39001,4170,6914
39003,19521,29941
39005,9300,15158
39007,25027,18949
39009,20722,9742
39011,6727,16395
39013,16302,15422
39015,7503,12192
39017,66030,105340
39019,6423,7097
39021,7385,11141
39023,31958,33634
39025,31611,62559
39027,6558,12410
39029,21882,25585
39031,7689,8675
39033,8288,12316
39035,458204,199864
39037,7964,17290
39039,8399,10407
39041,36653,54778
39043,23148,17432
39045,29250,41580
39047,4401,7102
39049,334684,218478
39051,9900,11689
39053,4777,8247
39055,21250,29096
39057,33540,48936
39059,7625,9197
39061,224644,195107
39063,13870,22420
39065,5013,7749
39067,3683,3872
39069,6320,8239
39071,6857,11908
39073,6231,6326
39075,3141,7720
39077,12076,12884
39079,5397,8219
39081,17635,17559
39083,11014,16640
39085,60155,59142
39087,11262,15415
39089,33896,46886
39091,7936,13848
39093,85276,59068
39095,142852,73706
39097,6532,10603
39099,79173,45319
39101,12870,15454
39103,40924,48189
39105,4094,6015
39107,5853,15100
39109,18372,33417
39111,3705,3066
39113,145997,128679
39115,2966,3440
39117,6177,10067
39119,17730,20549
39121,2474,3450
39123,12049,10618
39125,4165,5317
39127,7261,7721
39129,9077,14228
39131,6033,6162
39133,41856,34822
39135,6999,13562
39137,5281,13072
39139,25727,34034
39141,14455,16759
39143,15601,14190
39145,14926,16994
39147,13087,13823
39149,7317,15924
39151,96990,86743
39153,155105,110499
39155,64145,40164
39157,21498,20454
39159,8761,15744
39161,5178,9168
39163,2463,3021
39165,33398,71691
39167,12368,17019
39169,21712,29342
39171,8174,9880
39173,34285,29648
39175,4461,6270
40001,2052,4638
40003,411,2023
40005,1370,3511
40007,265,2199
40009,1625,5772
40011,1011,3101
40013,4426,9307
40015,3404,6413
40017,11426,36428
40019,5603,13241
40021,7194,9186
40023,1860,3730
40025,152,1119
40027,39681,64749
40029,600,1672
40031,14120,20127
40033,690,1793
40035,2073,3858
40037,8318,20187
40039,2660,7842
40041,5085,10277
40043,346,1857
40045,282,1627
40047,5545,17067
40049,3028,7710
40051,5520,15195
40053,514,1836
40055,566,1548
40057,333,757
40059,221,1342
40061,1474,3207
40063,1709,3134
40065,2264,6719
40067,805,1652
40069,1249,2708
40071,5463,13230
40073,1009,5372
40075,1226,2537
40077,1313,2860
40079,5136,11605
40081,3504,10470
40083,5717,12556
40085,1257,2589
40087,3551,11193
40089,2794,7745
40091,3320,4903
40093,515,2956
40095,1643,3730
40097,5749,10234
40099,1592,3746
40101,11294,15289
40103,1174,3881
40105,1411,3031
40107,1480,2643
40109,116182,163172
40111,6191,8727
40113,7498,12160
40115,4268,6905
40117,2063,4533
40119,10601,18435
40121,5457,11752
40123,4512,9750
40125,7910,17753
40127,1265,3208
40129,287,1502
40131,10772,27743
40133,2977,5600
40135,4454,9466
40137,4538,14394
40139,923,5336
40141,1042,2195
40143,96133,158363
40145,8810,21441
40147,6308,16457
40149,1052,3724
40151,873,3043
40153,1350,6404
41001,2805,5650
41003,29901,15264
41005,103476,83595
41007,10701,7192
41009,13390,10413
41011,14401,15354
41013,3632,6371
41015,5230,6646
41017,38819,39064
41019,20298,30919
41021,430,648
41023,1006,2785
41025,950,2595
41027,6302,3265
41029,49090,49043
41031,3682,4402
41033,17412,22973
41035,9370,19113
41037,957,2638
41039,114037,63835
41041,14258,8791
41043,22163,28071
41045,2949,7157
41047,61816,59059
41049,1410,2509
41051,279696,75171
41053,17536,17714
41055,385,634
41057,7072,5757
41059,9484,15254
41061,4613,7581
41063,1492,2836
41065,5906,5103
41067,141544,89185
41069,281,498
41071,20797,21390
42001,17633,26349
42003,373153,272347
42005,11138,18542
42007,40499,42895
42009,6059,16124
42011,97047,80513
42013,19813,32708
42015,10306,15057
42017,179031,150248
42019,32260,57074
42021,32451,31995
42023,879,1323
42025,13464,12957
42027,41950,32992
42029,137833,114421
42031,6756,10737
42033,14555,18662
42035,7097,7504
42037,13230,14477
42039,16780,20750
42041,48306,63739
42043,69975,58238
42045,169030,109322
42047,7290,6676
42049,75775,50351
42051,25866,26081
42053,1038,1366
42055,21169,41906
42057,1576,4642
42059,7829,7889
42061,6621,11745
42063,17065,19727
42065,6447,12057
42067,3068,6484
42069,67520,39488
42071,99586,126568
42073,19711,21851
42075,23310,34314
42077,87089,63382
42079,72492,61127
42081,18381,30280
42083,6465,9224
42085,26411,26565
42087,5375,10929
42089,39453,28293
42091,253393,165552
42093,3364,4574
42095,75255,58551
42097,14329,19018
42099,6396,13058
42101,595980,117221
42103,11493,12518
42105,2300,5109
42107,28300,33767
42109,5382,9900
42111,12878,21686
42113,1233,1841
42115,8381,10633
42117,6390,11326
42119,7333,9859
42121,9238,13718
42123,8537,9685
42125,46122,50752
42127,9892,12702
42129,72721,102294
42131,5985,6983
42133,82839,109268
44001,16162,9260
44003,48406,33780
44005,25479,15717
44007,167442,81010
44009,39082,25624
45001,4593,6264
45003,26101,42849
45005,3029,947
45007,24132,48690
45009,4426,2309
45011,4931,4769
45013,30396,37821
45015,27755,36205
45017,3970,3695
45019,82698,69822
45021,7215,13305
45023,7478,6318
45025,7842,8325
45027,8673,6758
45029,8616,8525
45031,14505,14544
45033,7408,5874
45035,21806,29929
45037,5075,6334
45039,7591,3912
45041,28012,29861
45043,14199,15790
45045,70886,116363
45047,12348,16995
45049,5816,3439
45051,38879,64609
45053,5389,3365
45055,11226,16466
45057,12139,16441
45059,10578,15334
45061,5960,3074
45063,33303,74960
45065,2755,2437
45067,9608,5416
45069,6794,3996
45071,6708,9616
45073,9481,21164
45075,27263,12115
45077,11691,32552
45079,105656,57941
45081,3323,5191
45083,41632,65042
45085,25431,18581
45087,5935,7449
45089,11279,5004
45091,37918,54500
46003,655,794
46005,3493,4054
46007,557,614
46009,1367,1712
46011,7207,6431
46013,9041,8067
46015,965,1407
46017,454,156
46019,1306,2821
46021,243,591
46023,1807,2109
46025,830,1065
46027,3808,2296
46029,5595,6374
46031,837,535
46033,1475,2909
46035,3554,4731
46037,1785,1372
46039,1054,1088
46041,1328,659
46043,424,1293
46045,819,1213
46047,1338,2348
46049,426,739
46051,1786,1951
46053,771,1423
46055,187,939
46057,1043,1661
46059,718,1247
46061,961,1426
46063,135,575
46065,3037,5298
46067,1242,2285
46069,226,547
46071,435,668
46073,542,546
46075,147,463
46077,1277,1435
46079,3033,2993
46081,4932,6787
46083,8642,11803
46085,710,894
46087,1219,1646
46089,441,915
46091,1261,900
46093,3751,7515
46095,373,445
46097,605,577
46099,39838,39251
46101,1663,1508
46103,17802,27603
46105,499,1102
46107,482,937
46109,2672,1781
46111,500,669
46113,2971,331
46115,1550,1660
46117,510,1017
46119,233,581
46121,2208,571
46123,914,1859
46125,1681,2538
46127,3244,4310
46129,923,1668
46135,4838,5039
46137,554,312
47001,11396,19675
47003,5027,10217
47005,2645,3696
47007,1517,3166
47009,15253,35571
47011,9357,28333
47013,3867,8535
47015,2011,3322
47017,3980,7455
47019,5587,15852
47021,5498,10702
47023,1797,4587
47025,3078,7175
47027,1248,1676
47029,3340,8945
47031,7132,13250
47033,1967,3994
47035,7889,17436
47037,158423,102915
47039,1566,3101
47041,2832,4085
47043,7506,11677
47045,4411,9859
47047,6892,12173
47049,1831,4789
47051,6613,10539
47053,7406,13516
47055,4614,6902
47057,2066,5297
47059,7110,17151
47061,1971,2563
47063,6807,15508
47065,64246,81702
47067,604,1588
47069,5919,5225
47071,2794,7077
47073,5930,14756
47075,4893,3165
47077,3021,7669
47079,5153,8182
47081,3563,4784
47083,1678,1608
47085,3600,3818
47087,2224,2185
47089,5178,13092
47091,1837,4621
47093,70215,113015
47095,1024,1175
47097,4322,4933
47099,5161,10566
47101,1804,2951
47103,3695,9231
47105,6058,15815
47107,5541,12989
47109,3131,7135
47111,2060,5145
47113,20209,23290
47115,4506,6746
47117,4320,6755
47119,13058,20288
47121,1372,2797
47123,5053,11484
47125,25716,30175
47127,881,2010
47129,1969,4717
47131,4308,8873
47133,3419,4497
47135,1329,1596
47137,854,1786
47139,2124,4267
47141,9739,17101
47143,2907,8042
47145,7224,15658
47147,9318,17903
47149,40460,59892
47151,1720,4931
47153,1717,3610
47155,8604,24922
47157,256297,145458
47159,2992,4563
47161,2470,2956
47163,18354,44808
47165,21487,44949
47167,7931,17165
47169,1475,1688
47171,2107,5011
47173,1829,4467
47175,849,1294
47177,5515,8562
47179,15941,32341
47181,1355,4076
47183,4596,8855
47185,3372,6103
47187,27886,64858
47189,15886,34595
48001,4630,11884
48003,790,3816
48005,9379,19569
48007,3006,6693
48009,740,3595
48011,128,856
48013,4415,5462
48015,2821,8786
48017,682,1618
48019,2250,6935
48021,11687,13817
48023,366,1262
48025,3645,4471
48027,40413,49242
48029,275527,246275
48031,1467,3418
48033,40,316
48035,1797,5762
48037,10815,24162
48039,36480,67515
48041,20502,37465
48043,1970,1855
48045,205,617
48047,1747,556
48049,2822,12052
48051,2053,4547
48053,4608,12059
48055,5403,6107
48057,2729,4106
48059,1063,4589
48061,48480,26671
48063,1734,2798
48065,406,2548
48067,3490,8279
48069,719,1562
48071,3188,9988
48073,4610,11695
48075,497,1782
48077,1085,4213
48079,284,758
48081,299,1252
48083,643,3011
48085,109047,184897
48087,234,943
48089,2508,5795
48091,12384,35233
48093,1334,3813
48095,257,807
48097,3051,11871
48099,6619,11550
48101,187,509
48103,319,1119
48105,512,1026
48107,684,1221
48109,492,257
48111,302,1269
48113,422989,310000
48115,1152,2906
48117,1247,3466
48119,589,1580
48121,91160,149935
48123,1716,4888
48125,234,730
48127,2692,874
48129,291,1374
48131,3298,1076
48133,1271,5165
48135,9123,26199
48137,346,673
48139,15333,38078
48141,122021,61783
48143,3128,10768
48145,2225,3328
48147,3464,8092
48149,3014,7582
48151,687,1083
48153,730,1784
48155,198,327
48157,98368,103206
48159,1036,3392
48161,2034,5205
48163,2405,1644
48165,650,3385
48167,41805,62258
48169,375,1356
48171,2576,9563
48173,52,502
48175,1329,2298
48177,2167,4076
48179,1153,6924
48181,13900,31136
48183,13166,29203
48185,2704,5562
48187,16156,30869
48189,2708,7171
48191,324,930
48193,863,2876
48195,240,1847
48197,373,1199
48199,3939,16603
48201,590982,571883
48203,8887,17103
48205,250,1711
48207,699,1388
48209,28431,29638
48211,216,1345
48213,7913,20857
48215,90261,39668
48217,3811,9264
48219,1797,5795
48221,5087,17299
48223,3530,9299
48225,2656,5872
48227,2545,7029
48229,430,458
48231,8594,20573
48233,1322,7361
48235,164,644
48237,470,2528
48239,1301,3723
48241,3658,9022
48243,468,749
48245,44888,42905
48247,1336,472
48249,6706,4841
48251,12912,36685
48253,1528,4203
48255,1760,2736
48257,11161,23735
48259,3599,12971
48261,108,94
48263,99,342
48265,5570,16752
48267,342,1487
48269,8,151
48271,633,907
48273,5256,4540
48275,367,986
48277,5243,12952
48279,1156,3344
48281,1903,5651
48283,1052,714
48285,1869,6293
48287,2000,4312
48289,1418,5566
48291,5991,15448
48293,2516,5079
48295,155,1093
48297,1048,3095
48299,2250,7281
48301,12,67
48303,30486,66304
48305,627,1473
48307,728,2263
48309,29998,49044
48311,132,400
48313,1146,2891
48315,1644,2567
48317,314,1389
48319,546,1544
48321,4440,7835
48323,8554,2316
48325,5147,10480
48327,295,712
48329,9691,36155
48331,3044,5217
48333,398,1753
48335,586,1815
48337,1597,6245
48339,36703,119884
48341,1123,4282
48343,2055,3158
48345,67,522
48347,8393,14828
48349,5400,10810
48351,1751,3446
48353,1521,3485
48355,47912,52391
48357,243,2851
48359,102,813
48361,7646,21509
48363,2499,7264
48365,2586,7582
48367,10502,36974
48369,719,2969
48371,1476,2480
48373,6230,13731
48375,8939,20761
48377,1252,489
48379,1048,3146
48381,9468,41948
48383,197,795
48385,375,1238
48387,1539,3461
48389,1606,1445
48391,1382,1855
48393,41,477
48395,2675,3980
48397,8492,23300
48399,720,3118
48401,4983,13646
48403,1077,3749
48405,1328,2342
48407,2721,6151
48409,8854,12404
48411,487,1941
48413,324,970
48415,1088,4414
48417,208,1284
48419,2548,6630
48421,127,884
48423,23726,55187
48425,799,2677
48427,8274,1492
48429,626,2869
48431,97,520
48433,206,524
48435,381,1189
48437,813,1683
48439,274880,348420
48441,12690,34317
48443,186,323
48445,1379,2879
48447,166,671
48449,3145,6028
48451,11158,27362
48453,254017,136981
48455,1925,4095
48457,2166,5644
48459,3790,11222
48461,288,898
48463,4126,4590
48465,6982,5752
48467,4505,15734
48469,9832,19878
48471,7334,11623
48473,7153,8265
48475,899,2667
48477,4034,10176
48479,33452,13119
48481,4937,9431
48483,314,1918
48485,13868,31731
48487,1196,3283
48489,3409,1456
48491,67691,88323
48493,5362,10904
48495,477,1529
48497,4471,15973
48499,4010,13658
48501,450,1989
48503,1303,5942
48505,1939,919
48507,3263,596
49001,542,1902
49003,3311,15228
49005,10294,29127
49007,3468,4091
49009,131,297
49011,30477,77341
49013,911,4689
49015,973,3358
49017,405,1710
49019,2067,1871
49021,3258,12518
49023,741,2683
49025,856,2212
49027,758,3653
49029,689,3311
49031,141,635
49033,154,831
49035,176988,176692
49037,2406,2638
49039,1631,6664
49041,1359,6394
49043,9532,6956
49045,5830,10998
49047,1462,8441
49049,29567,122224
49051,2892,5430
49053,10826,37311
49055,335,940
49057,25666,45885
50001,13202,5667
50003,12524,6133
50005,8900,5472
50007,59611,22237
50009,1733,1284
50011,13179,7853
50013,2694,1490
50015,8914,3515
50017,9799,5047
50019,7998,4482
50021,19355,11584
50023,22324,9129
50025,17585,5997
50027,21444,9084
51001,7607,7833
51003,29792,20576
51005,3553,3715
51007,2488,3970
51009,6094,8470
51011,2641,4903
51013,78994,29876
51015,9825,23120
51017,1043,1349
51019,11017,24420
51021,864,2031
51023,5693,11471
51025,4973,2877
51027,4063,4541
51029,3489,3428
51031,8091,17444
51033,7163,5617
51035,4109,8187
51036,2838,1288
51037,2705,3372
51041,74310,86413
51043,3457,3840
51045,877,1695
51047,8802,10711
51049,2255,2418
51051,3278,3324
51053,6246,6526
51057,2934,2379
51059,310359,200994
51061,14616,19227
51063,2937,4441
51065,6185,6420
51067,9618,15414
51069,12961,20149
51071,3192,4462
51073,6916,12089
51075,4813,7643
51077,2480,4540
51079,3174,4980
51081,3122,1729
51083,8126,8600
51085,18447,37344
51087,86323,67381
51089,11118,13758
51091,590,930
51093,8573,11258
51095,17352,20912
51097,1918,1763
51099,4473,5888
51101,3344,4966
51103,3235,3647
51105,3219,5825
51107,74845,63336
51109,6978,8182
51111,2703,2900
51113,2862,3758
51115,1934,3456
51117,7127,7817
51119,2391,3545
51121,21031,19028
51125,4391,3647
51127,3493,6385
51131,3800,2713
51133,3312,4041
51135,3413,3499
51137,7107,8506
51139,4235,6041
51141,2879,5491
51143,11415,18730
51145,4237,10088
51147,5101,4174
51149,7130,8752
51153,93435,67621
51155,5918,8857
51157,2105,2227
51159,1618,2092
51161,19812,30571
51163,4347,5732
51165,10453,22468
51167,4932,6389
51169,2725,6980
51171,6912,12005
51173,4239,7817
51175,4402,4583
51177,24897,28610
51179,25716,29221
51181,2626,1663
51183,3301,2026
51185,5596,11201
51187,6997,8879
51191,8063,16077
51193,4577,3719
51195,4995,8914
51197,4107,8207
51199,13700,19833
51510,50473,19181
51515,1208,1497
51520,2665,4579
51530,1108,1282
51540,15705,4078
51550,53994,52625
51570,2562,6161
51580,1304,1020
51590,12352,8361
51595,1702,897
51600,6575,4691
51610,4695,1970
51620,2819,1576
51630,6155,3413
51640,1052,1317
51650,46917,20476
51660,8444,6048
51670,5285,4149
51678,1543,914
51680,16269,17638
51683,7518,5975
51685,2463,1634
51690,4139,2311
51700,51972,28667
51710,62819,24814
51720,743,744
51730,13774,1583
51735,1748,5229
51740,32327,13984
51750,2930,2418
51760,73623,18649
51770,24934,15394
51775,5164,7088
51790,5569,5330
51800,22446,17165
51810,98885,100319
51820,3906,4815
51830,4328,2353
51840,5268,4725
53001,1552,3222
53003,4139,5451
53005,26288,45345
53007,13781,17605
53009,19470,18199
53011,95356,84212
53013,686,1499
53015,24597,19554
53017,5848,9098
53019,1467,1916
53021,7361,12037
53023,385,968
53025,9601,17153
53027,16354,12104
53029,22058,19426
53031,13252,6330
53033,648230,259716
53035,68624,53297
53037,8030,9471
53039,4965,4944
53041,13624,20278
53043,2032,3803
53045,15050,12600
53047,7613,8798
53049,6094,4555
53051,2562,3717
53053,181824,141673
53055,7374,2958
53057,30053,24687
53059,2817,2524
53061,187294,126722
53063,105786,108314
53065,8499,13132
53067,75882,48366
53069,1121,1105
53071,10081,14182
53073,58236,40205
53075,9070,8104
53077,33792,41946
54001,2419,3685
54003,15994,20841
54005,4529,3632
54007,2704,2629
54009,4717,4961
54011,15292,18793
54013,993,1366
54015,1421,1755
54017,735,2218
54019,7242,7658
54021,1004,1445
54023,997,3166
54025,5881,7567
54027,2983,5222
54029,5504,7518
54031,1901,3376
54033,13582,17824
54035,4861,7148
54037,11687,10600
54039,40594,40952
54041,2109,4335
54043,3029,3637
54045,5873,7326
54047,3430,2882
54049,11618,11501
54051,5996,7759
54053,4484,5853
54055,7450,13246
54057,3750,7616
54059,3582,4587
54061,17060,15775
54063,2014,3397
54065,2721,4428
54067,4357,4804
54069,8593,10694
54071,1310,2035
54073,1142,1772
54075,1548,2011
54077,4205,7325
54079,9334,15162
54081,10237,17548
54083,4539,6060
54085,998,2781
54087,2511,2943
54089,2290,2891
54091,2462,3605
54093,1288,2123
54095,1241,2415
54097,2925,5911
54099,6137,8947
54101,1552,1386
54103,2942,3342
54105,782,1496
54107,12573,22896
54109,2735,4621
55001,5806,3974
55003,5818,2634
55005,12078,10457
55007,5972,3365
55009,67269,55854
55011,3949,2923
55013,4337,4200
55015,13295,12722
55017,16239,13492
55019,7454,6383
55021,16661,12193
55023,4987,2830
55025,205984,73065
55027,19183,23015
55029,10142,7112
55031,15830,7835
55033,13002,9566
55035,33146,20959
55037,1134,1512
55039,23463,28164
55041,2673,1963
55043,14875,9068
55045,11502,6730
55047,4000,5393
55049,7987,3829
55051,1914,1464
55053,5572,3552
55055,21448,21096
55057,6186,5148
55059,45836,31609
55061,5902,4711
55063,38524,23701
55065,4732,2984
55067,5182,5081
55069,8424,6519
55071,22428,19234
55073,36367,30345
55075,11195,9726
55077,4068,3654
55078,1257,185
55079,319819,149445
55081,10198,8666
55083,9927,8755
55085,11907,9630
55087,50294,39677
55089,20579,32172
55091,2102,1616
55093,11803,9812
55095,10876,11282
55097,24817,13810
55099,4559,3461
55101,53408,45954
55103,5041,3298
55105,50529,27364
55107,3855,3253
55109,21177,22837
55111,18617,11562
55113,4765,4199
55115,10259,9538
55117,30395,30801
55119,4563,4586
55121,8321,4808
55123,8463,5367
55125,6491,7055
55127,24177,25485
55129,4693,4303
55131,25719,47729
55133,85339,145152
55135,12952,12232
55137,5868,5770
55139,48167,37946
55141,21710,16581
56001,8644,7936
56003,1108,4045
56005,2990,13011
56007,2336,4331
56009,1380,4922
56011,612,2967
56013,6016,11083
56015,1832,3942
56017,619,1834
56019,908,3334
56021,16072,24549
56023,1823,6485
56025,10475,21906
56027,244,1017
56029,3757,10839
56031,1407,3002
56033,4458,10177
56035,936,3316
56037,5762,10360
56039,7472,4565
56041,2317,5763
56043,1042,2956
56045,658,2618
2001,2597,4149
2002,3468,4029
2003,5657,2829
2004,4161,4302
2005,3393,3426
2006,2351,4234
2007,4283,6297
2008,4995,4983
2009,2805,4141
2010,2074,3392
2011,1924,7736
2012,1914,5467
2013,2800,8432
2014,2132,8108
2015,2510,8227
2016,2636,7774
2017,2645,6621
2018,2046,4252
2019,3095,4106
2020,2474,2536
2021,3647,4837
2022,3337,3109
2023,4075,2808
2024,3380,4127
2025,3233,3042
2026,4472,4037
2027,3130,5159
2028,3642,5953
2029,2684,4127
2030,3486,5500
2031,3596,6419
2032,5176,6867
2033,2089,6571
2034,1920,7358
2035,4254,4959
2036,2264,4201
2037,1868,2661
2038,2549,2056
2039,2695,2323
2040,2137,2686